"PdfCustomiser by Fooman","PdfCustomiser realizzato da Fooman"
"Add your custom comments here to appear at the bottom of the Invoice Pdf. You could for example include bank account number and terms of payment.","Aggiungi i tuoi commenti che verranno mostrati in fondo alla fattura. Da usare per inserire le coordinate bancarie o i termini di pagamento."
"Add your custom comments here to appear at the bottom of the Creditmemo Pdf","Aggiungi i tuoi commenti che verranno mostrati in fondo alla nota di credito"
"Add your custom comments here to appear at the bottom of the Shipment Pdf","Aggiungi i tuoi commenti che verranno mostrati in fondo alla bolla di spedizione"
"Bottom Margin","Margine Inferiore"
"Choose Helvetica, Times or Courier for smaller filesizes. Choose the Dejavu-Variants to support more characters (UTF-8).","Scegli i font Helvetica, Times o Courier per generare Pdf di dimensioni minori. Usa Dejavu-Variants per supportare il set UTF-8."
"Credit Memo Title","Intestazione nota di credito"
"Custom Text","Testo Opzionale"
"Font","Font"
"Base Font Size","Dimensione Font"
"Invoice Title","Intestazione fattura"
"Logo for the Pdf","Logo da usare nelle stampe"
"Page Size","Dimensioni Pagina"
"Shipment Title","Titolo bolla spedizione"
"Side Margins","Margini Laterali"
"Store Address","Indirizzo del negozio"
"Tax Details","Dettagli Imposte"
"Top Margin","Margine Superiore"
"Which addresses should appear on the Credit Memo? Please note that downloadable product orders don't have a shipping address.","Quale indirizzo deve apparire sulla nota di credito? Ricordati che i downloadable product non possono avere un indirizzo di spedizione."
"Which addresses should appear on the invoice? Please note that downloadable product orders don't have a shipping address.","Which addresses should appear on the invoice? Ricordati che i downloadable product non possono avere un indirizzo di spedizione."
"Which addresses should appear on the packing slip? Please note that downloadable product orders don't have a shipping address.","Which addresses should appear on the packing slip? Ricordati che i downloadable product non possono avere un indirizzo di spedizione."
"A4","A4"
"letter","letter"
"Billing Address only","Indirizzo di fatturazione"
"Shipping Address only","Indirizzo per la consegna"
"Both Addresses","Entrambi gli indirizzi"
"Courier","Courier"
"Times New Roman","Times New Roman"
"Helvetica","Helvetica"
"DejaVuSans","DejaVuSans"
"DejaVuSansMono","DejaVuSansMono"
"DejaVuSerif","DejaVuSerif"
"Digitally Sign Pdf","Digitally Sign Pdf"
"Signature","Signature"
"Copy the contents of your certificate/signature file including your private key here. Include everything from -----BEGIN RSA PRIVATE KEY----- to -----END CERTIFICATE-----","Copy the contents of your certificate/signature file including your private key here. Include everything from -----BEGIN RSA PRIVATE KEY----- to -----END CERTIFICATE-----"
"Password of Signature","Password of Signature"
"THSarabunPSK (Thai)","THSarabunPSK (Thai)"
"Add your custom comments here to appear at the bottom of the Order Pdf.","Add your custom comments here to appear at the bottom of the Order Pdf."
"Which addresses should appear on the order? Please note that downloadable product orders don't have a shipping address.","Which addresses should appear on the order? Please note that downloadable product orders don't have a shipping address."
"Display","Display"
"None","None"
"Product Image","Product Image"
"SKU Barcode","SKU Barcode"
"Display Quantity as full number","Display Quantity as full number"
"US","US"
"European","European"
"Customer Address Format","Customer Address Format"
"Display Base and Order Currency","Display Base and Order Currency"
"Delivery Date","Delivery Date"
"Display Delivery Date","Display Delivery Date"
"Displays the date of the invoice again. Needed in some jurisdictions.","Displays the date of the invoice again. Needed in some jurisdictions."
"Print Order History with Comments","Print Order History with Comments"
"Single - Shipping Address Label","Single - Shipping Address Label"
"Single - Billing Address Label","Single - Billing Address Label"
"Double - Both Addresses","Double - Both Addresses"
"Use Integrated Labels","Use Integrated Labels"
"Print Order as Packing Slip","Print Order as Packing Slip"
"Use this option if you would like to print packing slips without having to create shipments. You will however loose the ability to print the packing slips with the shipment number (the order number is used instead).","Use this option if you would like to print packing slips without having to create shipments. You will however loose the ability to print the packing slips with the shipment number (the order number is used instead)."
"Footer Block 1","Footer Block 1"
"Footer Block 2","Footer Block 2"
"Footer Block 3","Footer Block 3"
"Footer Block 4","Footer Block 4"
"Double - Shipping and Return Addresses","Double - Shipping and Return Addresses"
"Return Address","Return Address"
"Total Weight","Total Weight"
"Display Total Weight","Display Total Weight"
"kg","kg"
"Background Image for Pdf","Background Image for Pdf"
"Placement of Logo","Placement of Logo"
"Logo Width","Logo Width"
"Logo Height","Logo Height"
"Logo top-left Corner from the left","Logo top-left Corner from the left"
"Logo top-left Corner from the top","Logo top-left Corner from the top"
"automatic","automatic"
"no-scaling","no-scaling"
"manual","manual"
"Display Email Address","Display Email Address"
"Displays as part of the billing address.","Displays as part of the billing address."
"in milimeters","in milimeters"
"Display Row Subtotal Including Tax","Display Row Subtotal Including Tax"
"is only effective if Tax > Orders, Invoices, Creditmemos Display Settings > Prices is set to not display taxes","is only effective if Tax > Orders, Invoices, Creditmemos Display Settings > Prices is set to not display taxes"
"Grand Total is tax inclusive","Grand Total is tax inclusive"
"Display only one Grand Total","Display only one Grand Total"
"Columns","Columns"
"Columns Advanced","Columns Advanced"
"Display Background only on first page","Display Background only on first page"
"Custom Column","Custom Column"
"Custom Column Attribute","Custom Column Attribute"